user_input,output,flag,username,timestamp
how to cure a fever?,,,,2023-12-04 16:13:14.685997
,,,,2023-12-04 16:43:55.585397
hi,Hello! How can I assist you today?,,,2023-12-04 16:44:12.945898
how to heal a fever?,"To help heal a fever, you can take the following steps:

1. Stay hydrated: Drink plenty of fluids like water, clear broth, and herbal tea to prevent dehydration and replenish lost fluids due to sweating.

2. Rest: Give your body the rest it needs to recover. Avoid strenuous physical activities and get plenty of sleep.

3. Maintain a comfortable room temperature: Keep the room at a comfortable temperature, neither too hot nor too cold, to help reduce discomfort.

4. Take over-the-counter medication: Non-prescription fever-reducing medications such as acetaminophen (Tylenol) or ibuprofen (Advil, Motrin) can help alleviate the symptoms of fever. Always follow the recommended dosages and consult a healthcare professional if you have any underlying health conditions or are taking other medications.

5. Cool compresses: Applying cool, damp washcloths to your forehead, neck, and wrists can help lower your body temperature and provide temporary relief.

6. Dress comfortably: Wear lightweight, loose-fitting clothes that allow your body to breathe and prevent overheating.

7. Take a lukewarm bath: A lukewarm bath can help reduce body temperature and provide relief from fever symptoms. Avoid using cold water as it can cause shivering, which may raise your body temperature.

8. Stay away from others: To prevent the spread of infections, it is essential to stay away from others until your fever subsides.

If your fever persists for more than a few days, is accompanied by severe symptoms, or if you have underlying health conditions, it is important to seek medical advice from a healthcare professional.",,,2023-12-04 19:20:56.076004
what is a fever and how do you solve it?,"A fever is a temporary increase in body temperature, often the result of an underlying infection or illness. It is a natural defense mechanism initiated by the body to help fight off infections and aid in the healing process.

To manage and solve a fever, you can follow these steps:

1. Rest and stay hydrated: Get plenty of rest to allow your body to recover. Drink plenty of fluids like water, clear broth, and herbal tea to prevent dehydration caused by sweating.

2. Over-the-counter fever reducers: Non-prescription medications like acetaminophen (Tylenol) or ibuprofen (Advil, Motrin) can be taken to reduce fever and alleviate symptoms. Always follow the recommended dosage and consult a healthcare professional if you have any underlying health conditions or are taking other medications.

3. Cool compresses: Applying cool, damp washcloths to your forehead, neck, and wrists can help lower your body temperature and provide temporary relief from discomfort.

4. Lukewarm bath: Taking a lukewarm bath or sponge bath can help bring down your body temperature and soothe fever symptoms. Avoid using cold water, as it can lead to shivering and potentially raise body temperature.

5. Dress comfortably: Wear lightweight, loose-fitting clothing that allows your body to breathe and helps prevent overheating.

6. Seek medical attention if necessary: If your fever persists for more than a few days, is accompanied by severe symptoms, or if you have underlying health conditions, it is important to seek medical advice from a healthcare professional.

Remember, it's crucial to treat the underlying cause of the fever rather than just focusing on reducing the temperature. If your symptoms worsen or you're concerned about your condition, it's always best to consult with a healthcare professional for further evaluation and guidance.",,,2023-12-04 20:09:55.503435
